the,2355
and,1276
he,1165
of,556
i,508
it,493
to,460
his,456
was,440
a,430
in,384
that,297
fish,285
man,265
old,248
but,235
him,229
on,207
with,206
had,203
not,202
as,197
you,193
is,191
said,189
now,173
thought,165
they,152
then,150
have,143
for,140
were,138
line,138
could,116
water,105
when,105
out,104
there,102
boy,100
at,99
all,97
them,97
would,95
from,94
be,91
do,91
hand,90
no,90
will,90
down,88
so,85
back,82
up,82
can,80
if,78
one,76
must,72
what,71
too,70
see,67
again,64
great,64
are,62
head,61
more,60
against,59
me,59
did,58
come,58
or,57
into,56
two,55
only,53
this,51
left,50
over,50
my,50
time,48
skiff,48
good,47
made,47
eat,47
sun,47
much,46
shark,46
saw,46
like,46
knew,45
we,45
think,44
been,44
hands,44
sea,44
go,44
get,43
their,42
dark,42
came,41
well,40
let,40
felt,40
still,39
boat,39
make,37
fast,37
looked,37
himself,37
am,37
big,37
how,36
some,36
where,36
know,36
went,35
aloud,35
very,35
after,33
cut,33
put,33
before,33
right,33
just,33
first,33
long,32
by,32
bow,32
about,31
nothing,31
other,31
side,31
your,30
night,30
each,30
her,30
its,30
took,30
than,30
take,29
many,29
has,28
across,28
never,28
slowly,27
dolphin,27
little,27
hit,26
under,26
bird,26
through,26
keep,26
who,26
day,25
though,25
watched,25
off,25
held,25
tail,24
because,24
far,24
eyes,24
pull,24
small,23
feel,23
something,23
work,23
any,23
started,23
wish,22
even,22
light,22
stern,22
flying,22
way,22
kill,22
strong,22
gone,21
lines,21
until,21
another,21
nor,21
should,21
sail,21
better,20
away,20
going,20
hook,20
remember,20
sleep,20
shoulders,20
around,20
bring,20
knife,20
once,20
harpoon,20
without,19
heavy,19
don,19
sharks,19
maybe,19
wood,18
strength,18
almost,17
circle,17
bait,17
fishermen,17
pulled,17
asked,17
jaws,17
bad,17
perhaps,17
while,17
high,17
current,17
ocean,17
want,16
weight,16
steady,16
clear,16
breeze,16
mast,16
cannot,16
steadily,16
always,16
bed,16
which,16
deep,16
surface,16
everything,16
turn,15
strange,15
hard,15
try,15
meat,15
leaned,15
coming,15
might,15
mouth,15
both,15
turned,15
seen,15
our,15
oars,15
tuna,15
half,14
straight,14
blue,14
rose,14
purple,14
things,14
sometimes,14
since,14
coils,14
open,14
moved,14
hurt,14
morning,14
course,14
wind,13
yellow,13
onto,13
hooked,13
three,13
part,13
together,13
feet,13
sardines,13
tried,13
air,13
white,13
rest,13
say,13
enough,13
fight,13
wide,13
tired,13
here,13
days,12
god,12
rope,12
ever,12
hundred,12
lay,12
swam,12
began,12
does,12
pain,12
tell,12
hold,12
soon,12
baseball,12
stay,12
showed,12
shack,12
shoulder,12
arm,12
moon,12
luck,12
strain,12
sky,12
brought,12
dream,12
tiller,12
road,12
same,11
blood,11
land,11
thing,11
last,11
hours,11
circling,11
point,11
home,11
although,11
may,11
face,11
look,11
wonder,11
moving,11
told,11
such,11
gaff,11
alone,11
fresh,11
feeling,11
us,11
cold,11
salt,10
times,10
jump,10
club,10
killed,10
hope,10
reached,10
knows,10
heard,10
negro,10
except,10
inside,10
fingers,10
sorry,10
terrace,10
badly,10
today,10
eye,10
calm,10
swung,10
huge,10
boats,10
bone,10
truly,10
rested,10
sure,10
oar,10
asleep,10
between,10
help,10
eating,9
others,9
coffee,9
loved,9
hemingway,9
worked,9
smell,9
early,9
yes,9
stars,9
carefully,9
dropped,9
forward,9
blade,9
baits,9
drove,9
lions,9
pulling,9
trousers,9
people,9
jumped,9
fisherman,9
tight,9
called,9
body,9
gently,9
taken,9
next,9
give,9
used,9
why,9
spread,9
looking,9
dead,9
foot,9
she,9
sailed,9
behind,9
reserve,9
scent,9
settled,9
carried,9
working,8
beautiful,8
moment,8
anything,8
beat,8
fathoms,8
mine,8
later,8
talk,8
passed,8
stripes,8
above,8
male,8
father,8
toward,8
alongside,8
clouds,8
swimming,8
turtles,8
silver,8
ate,8
along,8
lucky,8
sin,8
kept,8
alive,8
break,8
breaking,8
weather,8
place,8
cord,8
dimaggio,8
ready,8
these,7
legs,7
ahead,7
lights,7
rowed,7
wake,7
rising,7
caught,7
anyway,7
found,7
done,7
east,7
comes,7
brown,7
blanket,7
fear,7
heart,7
true,7
glow,7
hour,7
men,7
believe,7
slept,7
speed,7
birds,7
wings,7
cutting,7
holding,7
need,7
end,7
new,7
below,7
those,7
lifted,7
nearly,7
show,7
green,7
cramped,7
shut,7
most,7
fin,7
set,7
watching,7
getting,7
beside,7
drew,7
closed,7
life,7
lightly,7
weed,7
spoke,6
ten,6
harbour,6
thank,6
got,6
wire,6
havana,6
africa,6
late,6
school,6
lash,6
short,6
door,6
clean,6
bill,6
easy,6
finally,6
length,6
being,6
feed,6
fins,6
exactly,6
woke,6
fell,6
slant,6
gulf,6
every,6
lost,6
lose,6
love,6
cramp,6
covered,6
marlin,6
close,6
faint,6
pushed,6
slid,6
spur,6
already,6
gear,6
pounds,6
stayed,6
strips,6
care,6
born,6
sides,6
kind,6
sheet,6
drag,6
gave,6
table,6
second,6
edge,6
picked,6
dreamed,6
makes,6
higher,6
ones,6
sight,6
brain,6
really,6
making,5
pay,5
projecting,5
shivering,5
american,5
spots,5
braced,5
matter,5
top,5
noise,5
sacks,5
quite,5
arms,5
wall,5
difference,5
full,5
effort,5
happy,5
beaches,5
low,5
meant,5
washed,5
third,5
beer,5
bottle,5
waited,5
borrow,5
die,5
dip,5
trail,5
brothers,5
bitt,5
evening,5
liked,5
find,5
difficult,5
stick,5
afraid,5
suffering,5
kills,5
forever,5
stem,5
anyone,5
thumb,5
steer,5
death,5
instead,5
trade,5
hungry,5
learn,5
neck,5
chewed,5
sweet,5
jerk,5
loose,5
forty,5
rolled,5
turns,5
darkness,5
sharp,5
lashed,5
net,5
driving,5
black,5
either,5
yourself,5
longer,5
bonito,5
delicate,5
flesh,5
hung,5
also,5
afternoon,5
coiled,5
sudden,5
piece,5
galanos,5
four,5
tomorrow,5
drink,5
knees,5
hear,5
friend,5
belly,5
necessary,5
buy,5
sack,5
goes,5
nose,5
confidence,5
fishing,5
eighty-five,4
solid,4
righted,4
size,4
newspaper,4
besides,4
walked,4
live,4
room,4
taking,4
gained,4
struck,4
order,4
daylight,4
laid,4
plenty,4
tied,4
followed,4
butt,4
tension,4
swim,4
house,4
yesterday,4
shore,4
yet,4
colour,4
jerked,4
shadow,4
remembered,4
coast,4
means,4
chair,4
sword,4
twice,4
september,4
built,4
further,4
lurch,4
happen,4
mile,4
trying,4
hot,4
added,4
beach,4
showing,4
furled,4
planking,4
headed,4
stream,4
gunwale,4
turtle,4
dry,4
pressure,4
best,4
taut,4
beaten,4
free,4
yankees,4
ice,4
during,4
gills,4
filaments,4
itself,4
clubbed,4
ran,4
excellent,4
raw,4
phosphorescence,4
red,4
spring,4
leave,4
female,4
lavender,4
risen,4
sleeping,4
rice,4
sweat,4
age,4
years,4
shape,4
handle,4
confident,4
commenced,4
touch,4
jumping,4
stepped,4
broke,4
wanted,4
slow,4
broken,4
mother,4
dentuso,4
swinging,4
smelled,4
resting,4
war,4
suddenly,4
quickly,4
cast,4
catch,4
comfortable,4
shirt,4
opened,4
eaten,4
sad,4
didn,4
move,4
sat,4
front,4
stupid,4
blowing,4
lashing,4
food,4
carry,4
easily,4
lower,4
santiago,4
box,4
chance,4
eastward,4
hurricane,4
slipped,4
drank,4
north,4
noon,4
flat,4
hills,4
greatest,4
hail,4
wild,4
prepare,3
carcass,3
virgin,3
pick,3
gold,3
quiet,3
sets,3
ruined,3
throw,3
sunset,3
novel,3
prisms,3
young,3
hasn,3
understand,3
steered,3
schools,3
women,3
woman,3
walls,3
question,3
bought,3
thousand,3
tonight,3
everyone,3
less,3
became,3
quietly,3
killing,3
watch,3
surely,3
anymore,3
glare,3
chest,3
warm,3
dried,3
marys,3
golden,3
tiny,3
bright,3
clicking,3
choice,3
cramps,3
quick,3
fiction,3
keeps,3
someone,3
neither,3
jumps,3
pass,3
islands,3
putting,3
rubbed,3
brings,3
rigged,3
rather,3
worthy,3
rudder,3
blessed,3
overboard,3
bettors,3
usually,3
chop,3
towing,3
skin,3
eight,3
uncramp,3
able,3
use,3
fine,3
floated,3
sort,3
friends,3
leaning,3
softly,3
sheath,3
dangerous,3
wonderful,3
pieces,3
stiff,3
five,3
hunger,3
needed,3
themselves,3
money,3
whole,3
loss,3
leagues,3
among,3
pride,3
hoped,3
finger,3
spat,3
clearly,3
steal,3
paper,3
rush,3
horses,3
resolution,3
shaking,3
endure,3
cruel,3
shade,3
newspapers,3
hardly,3
sailing,3
rises,3
airplane,3
fished,3
shaft,3
forty-fathom,3
skinned,3
fathers,3
spear,3
speak,3
slip,3
movement,3
sardine,3
prayers,3
harder,3
taste,3
ship,3
decided,3
gentle,3
patches,3
patched,3
increased,3
backbone,3
poison,3
noticed,3
ask,3
shifted,3
run,3
cans,3
crying,3
rise,3
play,3
loosen,3
older,3
wet,3
happened,3
wrong,3
heads,3
stuff,3
simple,3
astern,3
wrapped,3
pectoral,3
market,3
outside,3
attention,3
gaining,3
brother,3
fillets,3
smoothly,3
drifted,3
fly,3
ford,3
won,3
pedrico,3
mountains,3
plankton,3
sit,3
thwart,3
six,3
chewing,3
corner,3
thinking,3
world,3
gripped,3
punishment,3
different,3
months,3
noble,3
dorsal,3
careful,3
tiring,3
raised,3
intelligent,3
sitting,3
stood,3
wiped,3
heel,3
stopped,3
manager,3
albacore,3
wished,3
changed,3
doing,3
butchered,3
beyond,3
rowing,3
teeth,3
wife,3
slanting,3
force,3
sell,3
depth,3
sound,3
sent,3
match,3
slowed,2
anchored,2
brooklyn,2
devise,2
eighty-seven,2
flight,2
hang,2
fearless,2
sargasso,2
feeding,2
j,2
destroyed,2
s,2
returned,2
sharply,2
empty,2
sand,2
tails,2
cleared,2
sank,2
iridescent,2
cheek,2
pocket,2
bleeding,2
considered,2
docks,2
flow,2
timid,2
phosphorescent,2
bringing,2
crazy,2
gut,2
save,2
smelling,2
mechanically,2
picture,2
names,2
tide,2
measuring,2
pray,2
pig,2
biggest,2
whether,2
coral,2
raise,2
west,2
spoon,2
jammed,2
snapped,2
unclear,2
manolin,2
floor,2
kicked,2
italian,2
cry,2
opening,2
pillow,2
pity,2
unleashed,2
drift,2
pack,2
thirty,2
sunrise,2
probably,2
dollars,2
weighed,2
hitting,2
prize,2
pot,2
worried,2
christ,2
replaced,2
thigh,2
shook,2
cramping,2
hat,2
given,2
glass,2
reflection,2
wash,2
cheerful,2
playing,2
asking,2
weapon,2
cumulus,2
ends,2
painful,2
supper,2
paid,2
palm,2
circles,2
baited,2
climb,2
pale,2
threw,2
mirrors,2
shrimps,2
circled,2
motionless,2
touching,2
solidly,2
friendly,2
shows,2
checked,2
flattened,2
raising,2
island,2
portuguese,2
wildly,2
park,2
mean,2
chew,2
hunting,2
past,2
milk,2
shiver,2
cienfuegos,2
chin,2
etching,2
possible,2
traps,2
inch,2
waiter,2
promise,2
galano,2
straw,2
month,2
carrying,2
waiting,2
papers,2
pound,2
company,2
sold,2
basket,2
jesus,2
mar,2
hawks,2
return,2
radio,2
pleasant,2
handsome,2
movements,2
nonsense,2
palms,2
waken,2
waking,2
patch,2
firm,2
height,2
sisler,2
myself,2
mutilated,2
mala,2
vomit,2
man-of-war,2
unless,2
fast-moving,2
cuts,2
middle,2
forced,2
loop,2
bare,2
please,2
finding,2
crushed,2
salted,2
rough,2
proper,2
stew,2
mary,2
indians,2
rapier,2
safety,2
worn,2
dressed,2
forefinger,2
knowing,2
convince,2
forehead,2
slave,2
fall,2
swallow,2
gutted,2
planks,2
voice,2
clubbing,2
shipped,2
cleaned,2
delicately,2
winter,2
tricks,2
year,2
desperate,2
poor,2
understanding,2
north-east,2
stop,2
least,2
jerking,2
dreaming,2
cirrus,2
nourishment,2
treachery,2
desperately,2
punched,2
noted,2
rig,2
deepest,2
agua,2
happily,2
spot,2
aid,2
city,2
defeat,2
bubble,2
filled,2
porpoises,2
slit,2
powerful,2
read,2
clock,2
tore,2
row,2
haven,2
decides,2
shank,2
pencil,2
minute,2
swirl,2
shift,2
jaw,2
shouldn,2
enemy,2
gray,2
ernest,2
cleveland,2
art,2
silly,2
livers,2
armed,2
knelt,2
north-west,2
rum,2
chopped,2
worry,2
imagine,2
worse,2
whatever,2
uncramped,2
color,2
shivered,2
turtle-ing,2
lived,2
thoughts,2
rack,2
hoisted,2
container,2
leader,2
yard,2
fought,2
dipping,2
poured,2
slice,2
plan,2
greater,2
lives,2
double,2
comfortably,2
matches,2
sticks,2
completely,2
bottles,2
slanted,2
beautifully,2
spurs,2
board,2
forearms,2
fed,2
cloud,2
looks,2
few,2
sung,2
bones,2
sugar,2
faith,2
died,2
rocks,2
guano,2
dies,2
noose,2
increase,2
gets,2
simply,2
fit,2
suffer,2
trailing,2
bat,2
soaked,2
afterwards,2
league,2
panic,2
plans,2
ay,2
prove,2
claws,2
joined,2
withdrew,2
lightness,2
scars,2
el,2
parts,2
oak,2
proprietor,2
spanish,2
steering,2
form,2
placed,2
bit,2
else,2
begin,2
become,2
blotches,2
banging,2
seemed,2
change,2
draw,2
hide,2
sign,2
weaving,2
level,2
author,2
backs,2
bracing,2
fighting,2
promised,2
straightened,2
hissing,2
tightened,2
scythe,2
urinated,2
disturb,2
detroit,2
lighter,2
closer,2
depths,2
attained,2
story,2
coil,2
va,2
suppose,2
thin,2
especially,2
sees,2
shaped,2
backing,2
normal,2
lovely,2
stone,2
pivoted,2
backed,2
reach,2
closing,2
rock,2
bigger,2
continued,2
lamps,2
own,2
dozen,2
cobre,2
blow,2
eighty-four,2
brisa,2
referees,2
week,2
paris,2
cat,2
alarm,2
village,2
factory,2
stories,2
fault,2
played,2
dignity,2
oment,1
spilling,1
slower,1
smacks,1
shrugged,1
begins,1
freshening,1
speedboat,1
windless,1
skillfully,1
backwards,1
poems,1
cove,1
rounded,1
bubbles,1
sideways,1
mistrusted,1
unhooked,1
slowing,1
talking,1
mastery,1
result,1
flecks,1
e,1
bumps,1
h,1
hatuey,1
towed,1
o,1
photograph,1
fifth,1
charcoal,1
yours,1
thy,1
deadly,1
juices,1
miami,1
skeleton,1
wise,1
myriad,1
tip,1
hueso,1
european,1
moisture,1
lack,1
clouding,1
soles,1
sinking,1
aren,1
re-entered,1
perico,1
bursting,1
concentrations,1
harm,1
mast-head,1
i-ic,1
flown,1
unendingly,1
salting,1
spoil,1
cartilage,1
realized,1
pulitzer,1
translation,1
cancer,1
handling,1
splash,1
hawk-bills,1
favorable,1
entire,1
flashes,1
flour,1
crisped,1
spoons,1
block,1
hate,1
rogelio,1
heaved,1
considering,1
distant,1
deep-creased,1
intelligence,1
motorboats,1
loving,1
cords,1
strongly,1
shadows,1
orders,1
bulk,1
champion,1
wait,1
doubted,1
pins,1
toe,1
ton,1
native,1
remembers,1
jagged,1
monday,1
haul,1
half-garland,1
convulsively,1
stupidity,1
sandpaper,1
confided,1
spinal,1
ineffectual,1
swamped,1
minor,1
cot,1
manner,1
ezra,1
upon,1
employed,1
perils,1
towel,1
easterly,1
hated,1
surge,1
pardon,1
army,1
condition,1
thirsty,1
snow,1
rougher,1
shining,1
october,1
fair-weather,1
fruit,1
perkins,1
imperceptible,1
wound,1
pedro,1
under-side,1
saddest,1
direction,1
sucking,1
burn,1
wounded,1
congregated,1
accord,1
distinguished,1
rows,1
burning,1
obey,1
slitted,1
traveled,1
walk,1
gotten,1
eels,1
supply,1
leg,1
lesser,1
thinks,1
ligas,1
campeon,1
pace,1
disgraceful,1
unnecessarily,1
gertrude,1
recognize,1
thinly,1
cup,1
sweeping,1
perfectly,1
dispersed,1
proving,1
accident,1
pop,1
juegos,1
tear,1
reported,1
beating,1
shells,1
replaces,1
lottery,1
team,1
back-swept,1
erosions,1
claw,1
standing,1
prayer,1
feelings,1
southwest,1
two-thirds,1
slapped,1
lie,1
fingernails,1
digested,1
lip,1
dying,1
feathers,1
continue,1
slapping,1
tile,1
cautiously,1
pyramid-shaped,1
jacket,1
starlight,1
involved,1
chalk,1
inshore,1
stooped,1
harshness,1
widens,1
off-shore,1
unjust,1
center,1
start,1
pair,1
equal,1
fallen,1
whiplash,1
snares,1
treacheries,1
rubbery,1
identified,1
panicked,1
odour,1
lonely,1
un-stepped,1
having,1
relics,1
ambulance,1
be-cause,1
kansas,1
nauseate,1
scooping,1
merits,1
mcgraw,1
barred,1
permanent,1
barely,1
garden,1
travel,1
hid,1
compact,1
defeated,1
temptations,1
squarely,1
papa,1
consider,1
drinking,1
minutes,1
tree,1
straighter,1
fried,1
stays,1
square,1
soak,1
scattering,1
absolutely,1
torrents,1
forearm,1
soap,1
thrusting,1
altitude,1
alternately,1
water-drop,1
mike,1
swum,1
diarrhoea,1
silvery,1
principal,1
debut,1
sounds,1
radios,1
shuddering,1
piles,1
poisonings,1
leprous,1
crowded,1
contests,1
earn,1
glad,1
mushed,1
hurry,1
unbelievably,1
account,1
beasts,1
shouted,1
traitor,1
trip,1
bind,1
dew,1
record,1
beads,1
unrolled,1
chicago,1
cuba,1
scaring,1
lacked,1
smiled,1
dose,1
gaunt,1
kneeled,1
bodies,1
straggler,1
philadelphia,1
dove,1
seventy-five,1
shovel-nosed,1
spare,1
mind,1
despairing,1
business,1
shoes,1
taught,1
meet,1
desert,1
eshark,1
abused,1
quarter,1
rigor,1
malignancy,1
emergency,1
bulge,1
gray-white,1
shifting,1
correctly,1
highway,1
stray,1
ashore,1
trough,1
planes,1
feast,1
vision,1
tackle,1
plunging,1
stein,1
training,1
sawed,1
whore,1
states,1
passes,1
load,1
nooses,1
bite,1
looped,1
trickle,1
owner,1
shoal,1
midnight,1
pounded,1
holy,1
affects,1
drifting-boats,1
grand,1
travels,1
hole,1
iron,1
knots,1
explain,1
lunch,1
exhausted,1
fascinated,1
thick,1
balance,1
slamming,1
kindness,1
lying,1
heartless,1
bleeds,1
sense,1
cream,1
loading,1
bell,1
detached,1
calmer,1
served,1
sewed,1
longest,1
curve,1
unpleasant,1
painted,1
condensed,1
diver,1
summer,1
broadside,1
mad,1
banded,1
known,1
men-of-war,1
stand,1
twenty,1
juncture,1
maw,1
max,1
within,1
bent,1
subdue,1
shone,1
swallows,1
main,1
serve,1
bumped,1
unrolling,1
confused,1
credit,1
upward,1
phosphorus,1
capes,1
cheerfully,1
bearing,1
unavoidable,1
streak,1
seriously,1
fill,1
falsest,1
experiences,1
becomes,1
forget,1
horn,1
directions,1
compass,1
lists,1
background,1
loggerheads,1
heaviness,1
sore,1
position,1
problems,1
plowed,1
mako,1
ball,1
napkin,1
mysticism,1
wicked,1
bullfighting,1
certainly,1
submerged,1
immune,1
thumped,1
unintelligent,1
masculine,1
bake,1
writer,1
splashed,1
annoy,1
feared,1
untied,1
hand-forged,1
unknotting,1
sorrow,1
cure,1
trees,1
crash,1
bank,1
procession,1
meaning,1
drawing,1
fire,1
greener,1
runner,1
particles,1
solidity,1
sleeps,1
spray,1
quality,1
pointed,1
highest,1
religious,1
examine,1
wiping,1
illinois,1
bananas,1
fist,1
stringiness,1
pebbled,1
love-making,1
womb,1
tireder,1
all-swallowing,1
holes,1
destruction,1
ought,1
warbler,1
bother,1
star,1
actually,1
definitely,1
increasing,1
creases,1
progress,1
respected,1
intolerable,1
calambre,1
cleanly,1
seven,1
undulation,1
nakedness,1
wrinkles,1
leaves,1
sever,1
armour-plating,1
tavern,1
ruin,1
dropping,1
norther,1
cooked,1
nausea,1
luque,1
judging,1
staring,1
qua,1
sighing,1
farewell,1
que,1
lord,1
sluggishly,1
mass,1
bitten,1
beast,1
rebelled,1
ceding,1
admit,1
wants,1
sleepy,1
canary,1
inferior,1
spine,1
swain,1
mosquito,1
step,1
disgust,1
shovelnose,1
base,1
volunteered,1
sturdy,1
folding,1
comparatively,1
stepping,1
preparation,1
fitzgerald,1
caribbean,1
price,1
dresses,1
teetered,1
dizzy,1
re-baited,1
imagination,1
resistance,1
fail,1
hard-feeling,1
braked,1
tinted,1
humiliating,1
word,1
steel,1
spain,1
steep,1
seize,1
self-defense,1
throwing,1
naturally,1
beans,1
writing,1
rushed,1
believed,1
loud,1
include,1
sting,1
bodega,1
hunted,1
appearance,1
twentieth-century,1
unarmed,1
juicy,1
runs,1
prepared,1
harmed,1
healer,1
barracudas,1
bottom,1
finished,1
published,1
ptomaine,1
discolouring,1
preparing,1
thrust,1
squid,1
seems,1
tossed,1
rigel,1
sinners,1
trace,1
public,1
beers,1
idaho,1
value,1
guts,1
fortune,1
jack,1
worthless,1
round,1
sweating,1
allowed,1
building,1
tolls,1
setting,1
sun-burned,1
properly,1
neat,1
handicaps,1
stabbed,1
sorts,1
sails,1
younger,1
mushy,1
ray,1
acrobatics,1
ketchum,1
selection,1
aboard,1
cigarettes,1
intelligently,1
firmly,1
wrenched,1
weeks,1
conscientiously,1
u-boats,1
slime,1
rolling,1
stretched,1
treatise,1
slimy,1
scott,1
agreed,1
skinning,1
saint,1
awarded,1
tunas,1
stung,1
loops,1
pectorals,1
darted,1
descent,1
swing,1
scooped,1
desperation,1
robber,1
tearing,1
tourists,1
flexing,1
finish,1
shouldered,1
doesn,1
full-blooded,1
ade,1
wrote,1
remedy,1
wrapping,1
benevolent,1
budshields,1
respect,1
shelf,1
port,1
begged,1
cocks,1
preeminent,1
bored,1
trust,1
pivoting,1
cat-like,1
companion,1
united,1
rigidity,1
miles,1
posthumously,1
plummets,1
light-headed,1
bullet,1
expatriate,1
mistake,1
drifting,1
carapaced,1
rich,1
ivy,1
loosened,1
slippery,1
contempt,1
rammed,1
family,1
jokes,1
enjoyed,1
slightly,1
career,1
springs,1
ago,1
rid,1
fishes,1
mating,1
number,1
muscles,1
shorten,1
madox,1
odds,1
strangely,1
fleas,1
shorter,1
eggs,1
two-decker,1
forth,1
tough,1
crossing,1
driver,1
drives,1
barefooted,1
intersected,1
local,1
promptly,1
climbed,1
share,1
sacred,1
moveable,1
drained,1
meantime,1
hatchet,1
removed,1
species,1
stored,1
albacores,1
shingle,1
burnished,1
strongest,1
royal,1
shake,1
precision,1
tops,1
referee,1
naked,1
unlocked,1
big-game,1
brains,1
sun-bleached,1
entrance,1
mustn,1
torn,1
harbours,1
dreams,1
trick,1
slot,1
gill,1
rot,1
influences,1
fifteen,1
rolls,1
untie,1
espuela,1
martin,1
appetite,1
reversed,1
forms,1
comprehend,1
severed,1
ring,1
acts,1
erect,1
waves,1
flinch,1
using,1
nail,1
voices,1
sustenance,1
noting,1
africa-and,1
swirls,1
crouching,1
reds,1
lashings,1
triangular,1
rotten,1
frequently,1
automatically,1
improvise,1
sores,1
interminable,1
coppery,1
tiburon,1
tropic,1
grace,1
hooks,1
popular,1
nner,1
thoughtful,1
wedge-shaped,1
gran,1
soared,1
razor-sharp,1
fitted,1
call,1
classic,1
absolute,1
rub,1
swallowing,1
florida,1
dusk,1
flippers,1
occasional,1
rut,1
wallowing,1
travelling,1
wounds,1
town,1
knives,1
telephone,1
bleed,1
yards,1
hurricanes,1
name,1
worst,1
bolt,1
leaving,1
blind,1
boom,1
truck,1
attract,1
book,1
knotted,1
churning,1
life-size,1
shot,1
drops,1
defend,1
street,1
tempered,1
news,1
race,1
effectively,1
dorado,1
grind,1
fibered,1
clear-headed,1
duty,1
pleases,1
buoys,1
withheld,1
cross-trees,1
broad,1
formalized,1
nourishing,1
generation,1
counsel,1
endures,1
undefeated,1
liver,1
suicide,1
violet,1
eighteen,1
trunk,1
sunday,1
hardness,1
slide,1
study,1
feminine,1
guard,1
pattern,1
settle,1
annulled,1
splintered,1
gain,1
burned,1
cushion,1
grip,1
shribner,1
tentative,1
humiliates,1
ducks,1
staggering,1
cats,1
spurt,1
pleased,1
width,1
hull,1
certain,1
charlie,1
cushioned,1
dick,1
scavenger,1
constantly,1
longitudinally,1
attractiveness,1
letting,1
kneeling,1
otherwise,1
marked,1
visible,1
handicap,1
colds,1
inwards,1
inner,1
important,1
glimpse,1
eagle,1
unworthy,1
fishless,1
crosswise,1
weigh,1
relaxes,1
game,1
bows,1
drinks,1
necessarily,1
raked,1
relaxed,1
casablanca,1
sifting,1
patient,1
san,1
original,1
sax,1
terminal,1
kerosene,1
various,1
quartering,1
tasting,1
approached,1
storm-bound,1
oneself,1
dipped,1
boys,1
reflected,1
awake,1
fond,1
leaped,1
losing,1
offer,1
tapered,1
surf,1
violated,1
excited,1
angry,1
fold,1
canyon,1
dullness,1
drive,1
formed,1
plank,1
bo,1
invalided,1
proved,1
search,1
widely-to,1
civil,1
contestant,1
whom,1
trickery,1
roadsteads,1
dear,1
nodded,1
blurring,1
sixty,1
slicing,1
keeping,1
fastest,1
column,1
breathe,1
gaffed,1
glowing,1
somewhat,1
river,1
tigers,1
leaping,1
de,1
vent,1
long-winged,1
beauty,1
beg,1
deck,1
needless,1
re-bait,1
nearest,1
bet,1
strangeness,1
accomplished,1
useless,1
chairs,1
preceded,1
needs,1
wavering,1
tiredness,1
forty-nine,1
faded,1
hard-braided,1
garbage,1
pulls,1
temptation,1
green-sapped,1
burst,1
party,1
south-west,1
killers,1
shy,1
trembling,1
medium-sized,1
explained,1
lemon,1
signs,1
trouble,1
shovel-pointed,1
welts,1
brilliant,1
practical,1
gamble,1
breathing,1
splice,1
bound,1
unlucky,1
pinched,1
tunnel,1
stiffened,1
practice,1
bailed,1
sick,1
thanks,1
agony,1
limes,1
style-forming,1
tigres,1
grasped,1
metal,1
ordinary,1
doorway,1
peaks,1
talked,1
acted,1
cheeks,1
john,1
escaping,1
wider,1
recovering,1
works,1
widen,1
literature,1
angle,1
guanabacoa,1
unbearable,1
italy,1
durocher,1
missed,1
nobel,1
wandering,1
clearing,1
comfort,1
knee,1
places,1
la,1
wooden,1
overlapping,1
tipped,1
complete,1
fun,1
theirs,1
placid,1
several,1
anger,1
faster,1
son,1
barefoot,1
widespread,1
colonies,1
floats,1
blackness,1
lance,1
thole,1
adjusted,1
eden,1
dirt,1
grippes,1
chosen,1
colder,1
hateful,1
attached,1
coal,1
parents,1
heat,1
shades,1
panic-stricken,1
drugstore,1
cardel,1
involuntarily,1
tasted,1
oil,1
loses,1
heal,1
politely,1
dive,1
considerably,1
betting,1
control,1
nauseated,1
coloured,1
friction,1
twenty-five,1
ineffectually,1
amen,1
easier,1
cock,1
closest,1
occurrences,1
wedgeshaped,1
blades,1
broadbill,1
determination,1
pilgrimage,1
stretching,1
somewhere,1
salao,1
gelatinous,1
encouraged,1
speaking,1
strengthen,1
shifts,1
ripping,1
scythe-blade,1
chopping,1
lighted,1
forks,1
thee,1
spoils,1
miserable,1
glory,1
accept,1
horse,1
seas,1
masts,1
starting,1
jota,1
eighty-fifth,1
bled,1
extended,1
serving,1
fresher,1
blew,1
poisoning,1
thanked,1
caution,1
strained,1
key,1
apart,1
vertebrae,1
slipping,1
silent,1
storm,1
decision,1
fights,1
cents,1
enemies,1
connected,1
single,1
hill,1
prolongs,1
paralyzed,1
bun,1
fourth,1
vast,1
storms,1
thoughtless,1
dubbing,1
un,1
slackening,1
hides,1
flat-topped,1
usual,1
greatness,1
athlete,1
sink,1
bending,1
crumbs,1
failure,1
horny,1
frightened,1
deceive,1
drop,1
changes,1
learning,1
infantry,1
gonzalez,1
summoned,1
flapping,1
virtue,1
successful,1
strokes,1
slight,1
brighter,1
teach,1
hauled,1
scavengers,1
damn,1
bladder,1
location,1
streets,1
humility,1
none,1
hell,1
awash,1
not-have,1
snow-capped,1
hack,1
inches,1
bumping,1
travelled,1
periscope,1
roar,1
seized,1
unstepped,1
three-quarters,1
overhead,1
push,1
terns,1
following,1
exact,1
flag,1
racing,1
south,1
perceptible,1
rode,1
seeing,1
leap,1
power,1
cook,1
twisted,1
elbows,1
thou,1
speeded,1
leaf,1
hits,1
catalan,1
expect,1
elegance,1
perceptibly,1
drying,1
oakum,1
ended,1
behaviour,1
calloused,1
drum,1
leaders,1
eased,1
tremendous,1
bare-footed,1
sunny,1
development,1
proud,1
tar,1
judged,1
excitement,1
harsh-spoken,1
chances,1
favours,1
rubberiness,1
ground,1
grudgingly,1
shrimp,1
knifing,1
link,1
riding,1
hoist,1
lunged,1
projected,1
floating,1
flew,1
cincinnati,1
wells,1
mortis,1
smooth,1
costs,1
cost,1
motion,1
lime,1
edges,1
smoke,1
bites,1
bulged,1
coagulated,1
york,1
narration,1
